Disciplina;Nome;Turma;Tipo;Oferece 2a avaliação?;Início;Fim;Carga teórica;Carga prática;Dia da semana;Entrada;Saída;Prof(a);Vagas obrigatórias;Inscritos;Vínculo;Vagas;Inscritos;Vagas eletivas;Inscritos;Vínculo;Vagas;Inscritos;Vagas optativas livres;Inscritos;Vínculo;Vagas;Inscritos;Vagas especiais;Inscritos;Vagas extras;Inscritos;Observação
SME0104;Cálculo Numérico;2025101;Teórica;S;24/02/2025;07/07/2025;60;0;;;;;71;71;ICMC - Ciências de Computação;71;71;14;14;IFSC - Física Computacional;14;14;0;0;;;;0;0;0;0;BCC-A
SME0104;Cálculo Numérico;2025101;Teórica;S;24/02/2025;07/07/2025;60;0;;;;;71;71;;;;14;14;;;;0;0;;;;0;0;0;0;BCC-A
SME0104;Cálculo Numérico;2025101;Teórica;S;24/02/2025;07/07/2025;60;0;;;;;71;71;;;;14;14;;;;0;0;;;;0;0;0;0;BCC-A
SME0104;Cálculo Numérico;2025102;Teórica;S;24/02/2025;07/07/2025;60;0;;;;;60;17;ICMC - Ciências de Computação;60;17;10;2;IFSC - Física Computacional;10;2;0;0;;;;0;0;0;0;BCC-B
SME0104;Cálculo Numérico;2025102;Teórica;S;24/02/2025;07/07/2025;60;0;;;;;60;17;;;;10;2;;;;0;0;;;;0;0;0;0;BCC-B
SME0104;Cálculo Numérico;2025102;Teórica;S;24/02/2025;07/07/2025;60;0;;;;;60;17;;;;10;2;;;;0;0;;;;0;0;0;0;BCC-B
SME0121;Processos Estocásticos;2025101;Teórica;S;24/02/2025;07/07/2025;60;0;;;;;70;70;ICMC - Ciências de Computação;70;70;0;0;;;;0;0;;;;0;0;0;0;BCC-A
SME0121;Processos Estocásticos;2025101;Teórica;S;24/02/2025;07/07/2025;60;0;;;;;70;70;;;;0;0;;;;0;0;;;;0;0;0;0;BCC-A
SME0121;Processos Estocásticos;2025101;Teórica;S;24/02/2025;07/07/2025;60;0;;;;;70;70;;;;0;0;;;;0;0;;;;0;0;0;0;BCC-A
SME0121;Processos Estocásticos;2025102;Teórica;S;24/02/2025;07/07/2025;60;0;;;;;70;29;ICMC - Ciências de Computação;70;29;0;0;;;;0;0;;;;0;0;0;0;BCC-B
SME0121;Processos Estocásticos;2025102;Teórica;S;24/02/2025;07/07/2025;60;0;;;;;70;29;;;;0;0;;;;0;0;;;;0;0;0;0;BCC-B
SME0121;Processos Estocásticos;2025102;Teórica;S;24/02/2025;07/07/2025;60;0;;;;;70;29;;;;0;0;;;;0;0;;;;0;0;0;0;BCC-B
SME0130;Redes Complexas;2025101;Teórica;S;24/02/2025;07/07/2025;60;0;;;;;0;0;;;;124;124;EESC e ICMC - Engenharia de Computação;6;6;0;0;;;;0;0;0;0;BECD
Certificado em Ciência de Dados
Espelho com disciplina da Pós-Graduação SME5924
SME0130;Redes Complexas;2025101;Teórica;S;24/02/2025;07/07/2025;60;0;;;;;0;0;;;;124;124;ICMC -  para toda a Unidade;118;118;0;0;;;;0;0;0;0;BECD
Certificado em Ciência de Dados
Espelho com disciplina da Pós-Graduação SME5924
SME0130;Redes Complexas;2025101;Teórica;S;24/02/2025;07/07/2025;60;0;;;;;0;0;;;;124;124;;;;0;0;;;;0;0;0;0;BECD
Certificado em Ciência de Dados
Espelho com disciplina da Pós-Graduação SME5924
SME0130;Redes Complexas;2025101;Teórica;S;24/02/2025;07/07/2025;60;0;;;;;0;0;;;;124;124;;;;0;0;;;;0;0;0;0;BECD
Certificado em Ciência de Dados
Espelho com disciplina da Pós-Graduação SME5924
SME0202;Métodos Numéricos em Equações Diferenciais;2025101;Teórica;S;24/02/2025;07/07/2025;60;0;;;;;35;19;ICMC - Bach Mat Aplic Computação Cient;35;19;35;15;ICMC - Matemática – Bacharelado;35;15;0;0;;;;0;0;0;0;BMACC/BMA
SME0202;Métodos Numéricos em Equações Diferenciais;2025101;Teórica;S;24/02/2025;07/07/2025;60;0;;;;;35;19;;;;35;15;;;;0;0;;;;0;0;0;0;BMACC/BMA
SME0202;Métodos Numéricos em Equações Diferenciais;2025101;Teórica;S;24/02/2025;07/07/2025;60;0;;;;;35;19;;;;35;15;;;;0;0;;;;0;0;0;0;BMACC/BMA
SME0205;Métodos do Cálculo Numérico I;2025101;Teórica;S;24/02/2025;07/07/2025;60;0;;;;;70;28;ICMC - Matemática – Bacharelado;24;11;0;0;;;;0;0;;;;0;0;0;0;BMA/LMA/BMACC
SME0205;Métodos do Cálculo Numérico I;2025101;Teórica;S;24/02/2025;07/07/2025;60;0;;;;;70;28;ICMC - Matemática – Licenciatura;23;0;0;0;;;;0;0;;;;0;0;0;0;BMA/LMA/BMACC
SME0205;Métodos do Cálculo Numérico I;2025101;Teórica;S;24/02/2025;07/07/2025;60;0;;;;;70;28;ICMC - Bach Mat Aplic Computação Cient;23;17;0;0;;;;0;0;;;;0;0;0;0;BMA/LMA/BMACC
SME0205;Métodos do Cálculo Numérico I;2025101;Teórica;S;24/02/2025;07/07/2025;60;0;;;;;70;28;;;;0;0;;;;0;0;;;;0;0;0;0;BMA/LMA/BMACC
SME0205;Métodos do Cálculo Numérico I;2025101;Teórica;S;24/02/2025;07/07/2025;60;0;;;;;70;28;;;;0;0;;;;0;0;;;;0;0;0;0;BMA/LMA/BMACC
SME0214;Fluxos em Redes;2025101;Teórica;S;24/02/2025;07/07/2025;60;0;;;;;0;0;;;;70;5;ICMC - Bach Mat Aplic Computação Cient;70;5;0;0;;;;0;0;0;0;BMACC
Horários a serem definidos
SME0214;Fluxos em Redes;2025101;Teórica;S;24/02/2025;07/07/2025;60;0;;;;;0;0;;;;70;5;;;;0;0;;;;0;0;0;0;BMACC
Horários a serem definidos
SME0214;Fluxos em Redes;2025101;Teórica;S;24/02/2025;07/07/2025;60;0;;;;;0;0;;;;70;5;;;;0;0;;;;0;0;0;0;BMACC
Horários a serem definidos
SME0221;Introdução à Inferência Estatística;2025101;Teórica;S;24/02/2025;07/07/2025;60;0;;;;;70;37;ICMC - Bacharelado em Ciência de Dados;35;20;0;0;;;;0;0;;;;0;0;0;0;BMACC/BCDados
SME0221;Introdução à Inferência Estatística;2025101;Teórica;S;24/02/2025;07/07/2025;60;0;;;;;70;37;ICMC - Bach Mat Aplic Computação Cient;35;17;0;0;;;;0;0;;;;0;0;0;0;BMACC/BCDados
SME0221;Introdução à Inferência Estatística;2025101;Teórica;S;24/02/2025;07/07/2025;60;0;;;;;70;37;;;;0;0;;;;0;0;;;;0;0;0;0;BMACC/BCDados
SME0221;Introdução à Inferência Estatística;2025101;Teórica;S;24/02/2025;07/07/2025;60;0;;;;;70;37;;;;0;0;;;;0;0;;;;0;0;0;0;BMACC/BCDados
SME0230;Introdução à Programação de Computadores;2025101;Teórica Vinculada;S;24/02/2025;07/07/2025;60;0;;;;;4;4;ICMC - Matemática – Núcleo Geral;2;2;0;0;;;;0;0;;;;0;0;0;0;BMACC/MAT-NG
SME0230;Introdução à Programação de Computadores;2025101;Teórica Vinculada;S;24/02/2025;07/07/2025;60;0;;;;;4;4;ICMC - Bach Mat Aplic Computação Cient;2;2;0;0;;;;0;0;;;;0;0;0;0;BMACC/MAT-NG
SME0230;Introdução à Programação de Computadores;2025101;Teórica Vinculada;S;24/02/2025;07/07/2025;60;0;;;;;4;4;;;;0;0;;;;0;0;;;;0;0;0;0;BMACC/MAT-NG
SME0230;Introdução à Programação de Computadores;2025101;Teórica Vinculada;S;24/02/2025;07/07/2025;60;0;;;;;4;4;;;;0;0;;;;0;0;;;;0;0;0;0;BMACC/MAT-NG
SME0243;Teoria Espectral de Matrizes;2025101;Teórica;S;24/02/2025;07/07/2025;60;0;;;;;70;23;ICMC - Bach Mat Aplic Computação Cient;70;23;0;0;;;;0;0;;;;0;0;0;0;BMACC
SME0243;Teoria Espectral de Matrizes;2025101;Teórica;S;24/02/2025;07/07/2025;60;0;;;;;70;23;;;;0;0;;;;0;0;;;;0;0;0;0;BMACC
SME0243;Teoria Espectral de Matrizes;2025101;Teórica;S;24/02/2025;07/07/2025;60;0;;;;;70;23;;;;0;0;;;;0;0;;;;0;0;0;0;BMACC
SME0253;Mecânica dos Fluidos Computacional II;2025101;Teórica;S;24/02/2025;07/07/2025;60;0;;;;;0;0;;;;70;0;ICMC - Bach Mat Aplic Computação Cient;70;0;0;0;;;;0;0;0;0;BMACC
SME0253;Mecânica dos Fluidos Computacional II;2025101;Teórica;S;24/02/2025;07/07/2025;60;0;;;;;0;0;;;;70;0;;;;0;0;;;;0;0;0;0;BMACC
SME0253;Mecânica dos Fluidos Computacional II;2025101;Teórica;S;24/02/2025;07/07/2025;60;0;;;;;0;0;;;;70;0;;;;0;0;;;;0;0;0;0;BMACC
SME0273;Prática em Matemática Aplicada e Computação Científica;2025101;Teórica;S;24/02/2025;07/07/2025;30;0;;;;;0;0;;;;70;1;ICMC - todos exceto Bach Mat. Aplic. Computação Científica;70;1;0;0;;;;0;0;0;0;BMACC
SME0273;Prática em Matemática Aplicada e Computação Científica;2025101;Teórica;S;24/02/2025;07/07/2025;30;0;;;;;0;0;;;;70;1;;;;0;0;;;;0;0;0;0;BMACC
SME0273;Prática em Matemática Aplicada e Computação Científica;2025101;Teórica;S;24/02/2025;07/07/2025;30;0;;;;;0;0;;;;70;1;;;;0;0;;;;0;0;0;0;BMACC
SME0280;Acompanhamento Profissional;2025101;Teórica;S;24/02/2025;07/07/2025;30;0;;;;;10;2;ICMC - Bach Mat Aplic Computação Cient;10;2;0;0;;;;0;0;;;;0;0;0;0;BMACC
SME0280;Acompanhamento Profissional;2025101;Teórica;S;24/02/2025;07/07/2025;30;0;;;;;10;2;;;;0;0;;;;0;0;;;;0;0;0;0;BMACC
SME0280;Acompanhamento Profissional;2025101;Teórica;S;24/02/2025;07/07/2025;30;0;;;;;10;2;;;;0;0;;;;0;0;;;;0;0;0;0;BMACC
SME0284;Estágio Supervisionado;2025101;Teórica;S;24/02/2025;07/07/2025;60;0;;;;;0;0;;;;0;0;;;;0;0;;;;0;0;0;0;BMACC (Matrícula por requerimento)
SME0284;Estágio Supervisionado;2025101;Teórica;S;24/02/2025;07/07/2025;60;0;;;;;0;0;;;;0;0;;;;0;0;;;;0;0;0;0;BMACC (Matrícula por requerimento)
SME0285;Trabalho de Conclusão de Curso;2025101;Teórica;S;24/02/2025;07/07/2025;60;0;;;;;0;0;;;;0;0;;;;0;0;;;;0;0;0;0;BMACC (Matrícula por requerimento)
SME0285;Trabalho de Conclusão de Curso;2025101;Teórica;S;24/02/2025;07/07/2025;60;0;;;;;0;0;;;;0;0;;;;0;0;;;;0;0;0;0;BMACC (Matrícula por requerimento)
SME0300;Cálculo Numérico;2025101;Teórica;S;24/02/2025;07/07/2025;60;0;;;;;70;55;EESC - Engenharia Mecânica;70;55;0;0;;;;0;0;;;;0;0;0;0;Engenharia Mecânica
SME0300;Cálculo Numérico;2025101;Teórica;S;24/02/2025;07/07/2025;60;0;;;;;70;55;;;;0;0;;;;0;0;;;;0;0;0;0;Engenharia Mecânica
SME0300;Cálculo Numérico;2025101;Teórica;S;24/02/2025;07/07/2025;60;0;;;;;70;55;;;;0;0;;;;0;0;;;;0;0;0;0;Engenharia Mecânica
SME0300;Cálculo Numérico;2025102;Teórica;S;24/02/2025;07/07/2025;60;0;;;;;70;45;EESC - Engenharia Aeronáutica;70;45;0;0;;;;0;0;;;;0;0;0;0;Engenharia Aeronáutica
SME0300;Cálculo Numérico;2025102;Teórica;S;24/02/2025;07/07/2025;60;0;;;;;70;45;;;;0;0;;;;0;0;;;;0;0;0;0;Engenharia Aeronáutica
SME0300;Cálculo Numérico;2025102;Teórica;S;24/02/2025;07/07/2025;60;0;;;;;70;45;;;;0;0;;;;0;0;;;;0;0;0;0;Engenharia Aeronáutica
SME0300;Cálculo Numérico;2025103;Teórica;S;24/02/2025;07/07/2025;60;0;;;;;70;41;EESC - Engenharia de Produção;70;41;0;0;;;;0;0;;;;0;0;0;0;Engenharia de Produção
SME0300;Cálculo Numérico;2025103;Teórica;S;24/02/2025;07/07/2025;60;0;;;;;70;41;;;;0;0;;;;0;0;;;;0;0;0;0;Engenharia de Produção
SME0300;Cálculo Numérico;2025103;Teórica;S;24/02/2025;07/07/2025;60;0;;;;;70;41;;;;0;0;;;;0;0;;;;0;0;0;0;Engenharia de Produção
SME0300;Cálculo Numérico;2025104;Teórica;S;24/02/2025;07/07/2025;60;0;;;;;70;46;EESC - Engenharia Mecatrônica;70;46;0;0;;;;0;0;;;;0;0;0;0;Engenharia Mecatrônica
SME0300;Cálculo Numérico;2025104;Teórica;S;24/02/2025;07/07/2025;60;0;;;;;70;46;;;;0;0;;;;0;0;;;;0;0;0;0;Engenharia Mecatrônica
SME0300;Cálculo Numérico;2025104;Teórica;S;24/02/2025;07/07/2025;60;0;;;;;70;46;;;;0;0;;;;0;0;;;;0;0;0;0;Engenharia Mecatrônica
SME0305;Métodos Numéricos e Computacionais I;2025101;Teórica;S;24/02/2025;07/07/2025;60;0;;;;;70;56;EESC - Engenharia Civil;70;56;0;0;;;;0;0;;;;0;0;0;0;Engenharia Civil
SME0305;Métodos Numéricos e Computacionais I;2025101;Teórica;S;24/02/2025;07/07/2025;60;0;;;;;70;56;;;;0;0;;;;0;0;;;;0;0;0;0;Engenharia Civil
SME0305;Métodos Numéricos e Computacionais I;2025101;Teórica;S;24/02/2025;07/07/2025;60;0;;;;;70;56;;;;0;0;;;;0;0;;;;0;0;0;0;Engenharia Civil
SME0305;Métodos Numéricos e Computacionais I;2025102;Teórica;S;24/02/2025;07/07/2025;60;0;;;;;70;53;EESC - Engenharia de Materiais e Manufatura;70;53;0;0;;;;0;0;;;;0;0;0;0;Engenharia de Materiais e Manufatura
SME0305;Métodos Numéricos e Computacionais I;2025102;Teórica;S;24/02/2025;07/07/2025;60;0;;;;;70;53;;;;0;0;;;;0;0;;;;0;0;0;0;Engenharia de Materiais e Manufatura
SME0305;Métodos Numéricos e Computacionais I;2025102;Teórica;S;24/02/2025;07/07/2025;60;0;;;;;70;53;;;;0;0;;;;0;0;;;;0;0;0;0;Engenharia de Materiais e Manufatura
SME0320;Estatística I;2025101;Teórica;S;24/02/2025;07/07/2025;60;0;;;;;70;54;EESC - Eng Elétrica - Ênf Eletrônica;70;54;0;0;;;;0;0;;;;0;0;0;0;Engenharia Elétrica - Eletrônica
SME0320;Estatística I;2025101;Teórica;S;24/02/2025;07/07/2025;60;0;;;;;70;54;;;;0;0;;;;0;0;;;;0;0;0;0;Engenharia Elétrica - Eletrônica
SME0320;Estatística I;2025101;Teórica;S;24/02/2025;07/07/2025;60;0;;;;;70;54;;;;0;0;;;;0;0;;;;0;0;0;0;Engenharia Elétrica - Eletrônica
SME0320;Estatística I;2025102;Teórica;S;24/02/2025;07/07/2025;60;0;;;;;70;47;EESC - Eng Elétrica - Ênf Sist Energia e Autom;70;47;0;0;;;;0;0;;;;0;0;0;0;Engenharia Elétrica - Automação
SME0320;Estatística I;2025102;Teórica;S;24/02/2025;07/07/2025;60;0;;;;;70;47;;;;0;0;;;;0;0;;;;0;0;0;0;Engenharia Elétrica - Automação
SME0320;Estatística I;2025102;Teórica;S;24/02/2025;07/07/2025;60;0;;;;;70;47;;;;0;0;;;;0;0;;;;0;0;0;0;Engenharia Elétrica - Automação
SME0320;Estatística I;2025103;Teórica;S;24/02/2025;07/07/2025;60;0;;;;;70;41;EESC - Engenharia de Produção;3;3;0;0;;;;0;0;;;;0;0;0;0;Engenharia de Produção
SME0320;Estatística I;2025103;Teórica;S;24/02/2025;07/07/2025;60;0;;;;;70;41;EESC - Engenharia Mecânica;67;38;0;0;;;;0;0;;;;0;0;0;0;Engenharia de Produção
SME0320;Estatística I;2025103;Teórica;S;24/02/2025;07/07/2025;60;0;;;;;70;41;;;;0;0;;;;0;0;;;;0;0;0;0;Engenharia de Produção
SME0320;Estatística I;2025103;Teórica;S;24/02/2025;07/07/2025;60;0;;;;;70;41;;;;0;0;;;;0;0;;;;0;0;0;0;Engenharia de Produção
SME0320;Estatística I;2025104;Teórica;S;24/02/2025;07/07/2025;60;0;;;;;70;53;EESC - Engenharia de Produção;70;53;0;0;;;;0;0;;;;0;0;0;0;Engenharia de Produção
SME0320;Estatística I;2025104;Teórica;S;24/02/2025;07/07/2025;60;0;;;;;70;53;;;;0;0;;;;0;0;;;;0;0;0;0;Engenharia de Produção
SME0320;Estatística I;2025104;Teórica;S;24/02/2025;07/07/2025;60;0;;;;;70;53;;;;0;0;;;;0;0;;;;0;0;0;0;Engenharia de Produção
SME0333;Computação numérica e simulações para Engenharia Ambiental I;2025101;Teórica;S;24/02/2025;07/07/2025;30;0;;;;;50;42;EESC - Engenharia Ambiental;50;42;0;0;;;;0;0;;;;0;0;0;0;Engenharia Ambiental
SME0333;Computação numérica e simulações para Engenharia Ambiental I;2025101;Teórica;S;24/02/2025;07/07/2025;30;0;;;;;50;42;;;;0;0;;;;0;0;;;;0;0;0;0;Engenharia Ambiental
SME0333;Computação numérica e simulações para Engenharia Ambiental I;2025101;Teórica;S;24/02/2025;07/07/2025;30;0;;;;;50;42;;;;0;0;;;;0;0;;;;0;0;0;0;Engenharia Ambiental
SME0340;Equações Diferenciais Ordinárias;2025101;Teórica;S;24/02/2025;07/07/2025;60;0;;;;;70;53;EESC - Eng Elétrica - Ênf Eletrônica;70;53;0;0;;;;0;0;;;;0;0;0;0;Engenharia Elétrica- Eletrônica
SME0340;Equações Diferenciais Ordinárias;2025101;Teórica;S;24/02/2025;07/07/2025;60;0;;;;;70;53;;;;0;0;;;;0;0;;;;0;0;0;0;Engenharia Elétrica- Eletrônica
SME0340;Equações Diferenciais Ordinárias;2025101;Teórica;S;24/02/2025;07/07/2025;60;0;;;;;70;53;;;;0;0;;;;0;0;;;;0;0;0;0;Engenharia Elétrica- Eletrônica
SME0340;Equações Diferenciais Ordinárias;2025102;Teórica;S;24/02/2025;07/07/2025;60;0;;;;;70;63;EESC - Eng Elétrica - Ênf Sist Energia e Autom;70;63;0;0;;;;0;0;;;;0;0;0;0;Engenharia Elétrica - Automação
SME0340;Equações Diferenciais Ordinárias;2025102;Teórica;S;24/02/2025;07/07/2025;60;0;;;;;70;63;;;;0;0;;;;0;0;;;;0;0;0;0;Engenharia Elétrica - Automação
SME0340;Equações Diferenciais Ordinárias;2025102;Teórica;S;24/02/2025;07/07/2025;60;0;;;;;70;63;;;;0;0;;;;0;0;;;;0;0;0;0;Engenharia Elétrica - Automação
SME0340;Equações Diferenciais Ordinárias;2025103;Teórica;S;24/02/2025;07/07/2025;60;0;;;;;72;72;EESC - Engenharia Mecânica;72;72;0;0;;;;0;0;;;;0;0;0;0;Engenharia Mecânica
SME0340;Equações Diferenciais Ordinárias;2025103;Teórica;S;24/02/2025;07/07/2025;60;0;;;;;72;72;;;;0;0;;;;0;0;;;;0;0;0;0;Engenharia Mecânica
SME0340;Equações Diferenciais Ordinárias;2025103;Teórica;S;24/02/2025;07/07/2025;60;0;;;;;72;72;;;;0;0;;;;0;0;;;;0;0;0;0;Engenharia Mecânica
SME0340;Equações Diferenciais Ordinárias;2025104;Teórica;S;24/02/2025;07/07/2025;60;0;;;;;60;43;EESC - Engenharia Aeronáutica;60;43;0;0;;;;0;0;;;;0;0;0;0;Engenharia Aeronáutica
SME0340;Equações Diferenciais Ordinárias;2025104;Teórica;S;24/02/2025;07/07/2025;60;0;;;;;60;43;;;;0;0;;;;0;0;;;;0;0;0;0;Engenharia Aeronáutica
SME0340;Equações Diferenciais Ordinárias;2025104;Teórica;S;24/02/2025;07/07/2025;60;0;;;;;60;43;;;;0;0;;;;0;0;;;;0;0;0;0;Engenharia Aeronáutica
SME0340;Equações Diferenciais Ordinárias;2025105;Teórica;S;24/02/2025;07/07/2025;60;0;;;;;70;56;EESC - Engenharia Mecatrônica;70;56;0;0;;;;0;0;;;;0;0;0;0;Engenharia Mecatrônica
SME0340;Equações Diferenciais Ordinárias;2025105;Teórica;S;24/02/2025;07/07/2025;60;0;;;;;70;56;;;;0;0;;;;0;0;;;;0;0;0;0;Engenharia Mecatrônica
SME0340;Equações Diferenciais Ordinárias;2025105;Teórica;S;24/02/2025;07/07/2025;60;0;;;;;70;56;;;;0;0;;;;0;0;;;;0;0;0;0;Engenharia Mecatrônica
SME0340;Equações Diferenciais Ordinárias;2025106;Teórica;S;24/02/2025;07/07/2025;60;0;;;;;70;61;EESC e ICMC - Engenharia de Computação;70;61;0;0;;;;0;0;;;;0;0;0;0;Engenharia de Computação
SME0340;Equações Diferenciais Ordinárias;2025106;Teórica;S;24/02/2025;07/07/2025;60;0;;;;;70;61;;;;0;0;;;;0;0;;;;0;0;0;0;Engenharia de Computação
SME0340;Equações Diferenciais Ordinárias;2025106;Teórica;S;24/02/2025;07/07/2025;60;0;;;;;70;61;;;;0;0;;;;0;0;;;;0;0;0;0;Engenharia de Computação
SME0341;Álgebra Linear e Equações Diferenciais;2025101;Teórica;S;24/02/2025;07/07/2025;60;0;;;;;50;34;EESC - Engenharia Ambiental;50;34;0;0;;;;0;0;;;;0;0;0;0;Engenharia Ambiental
SME0341;Álgebra Linear e Equações Diferenciais;2025101;Teórica;S;24/02/2025;07/07/2025;60;0;;;;;50;34;;;;0;0;;;;0;0;;;;0;0;0;0;Engenharia Ambiental
SME0341;Álgebra Linear e Equações Diferenciais;2025101;Teórica;S;24/02/2025;07/07/2025;60;0;;;;;50;34;;;;0;0;;;;0;0;;;;0;0;0;0;Engenharia Ambiental
SME0341;Álgebra Linear e Equações Diferenciais;2025102;Teórica;S;24/02/2025;07/07/2025;60;0;;;;;72;72;;;;0;0;;;;0;0;;;;0;0;0;0;Engenharia de Materiais e Manufatura
SME0341;Álgebra Linear e Equações Diferenciais;2025102;Teórica;S;24/02/2025;07/07/2025;60;0;;;;;72;72;;;;0;0;;;;0;0;;;;0;0;0;0;Engenharia de Materiais e Manufatura
SME0346;Matemática para Arquitetura;2025101;Teórica;S;24/02/2025;07/07/2025;60;0;;;;;60;3;IAU - Instituto de Arquitetura e Urbanismo;60;3;0;0;;;;0;0;;;;0;0;0;0;Arquitetura - IAU
SME0346;Matemática para Arquitetura;2025101;Teórica;S;24/02/2025;07/07/2025;60;0;;;;;60;3;;;;0;0;;;;0;0;;;;0;0;0;0;Arquitetura - IAU
SME0346;Matemática para Arquitetura;2025101;Teórica;S;24/02/2025;07/07/2025;60;0;;;;;60;3;;;;0;0;;;;0;0;;;;0;0;0;0;Arquitetura - IAU
SME0500;Cálculo Numérico;2025101;Teórica;S;24/02/2025;07/07/2025;30;0;;;;;70;68;ICMC - Bacharelado em Sistemas de Informação;70;68;0;0;;;;0;0;;;;0;0;0;0;BSI
SME0500;Cálculo Numérico;2025101;Teórica;S;24/02/2025;07/07/2025;30;0;;;;;70;68;;;;0;0;;;;0;0;;;;0;0;0;0;BSI
SME0500;Cálculo Numérico;2025101;Teórica;S;24/02/2025;07/07/2025;30;0;;;;;70;68;;;;0;0;;;;0;0;;;;0;0;0;0;BSI
SME0520;Introdução à Estatística;2025101;Teórica;S;24/02/2025;07/07/2025;60;0;;;;;70;52;ICMC - Bacharelado em Sistemas de Informação;70;52;0;0;;;;0;0;;;;0;0;0;0;BSI
SME0520;Introdução à Estatística;2025101;Teórica;S;24/02/2025;07/07/2025;60;0;;;;;70;52;;;;0;0;;;;0;0;;;;0;0;0;0;BSI
SME0520;Introdução à Estatística;2025101;Teórica;S;24/02/2025;07/07/2025;60;0;;;;;70;52;;;;0;0;;;;0;0;;;;0;0;0;0;BSI
SME0602;Cálculo Numérico;2025101;Teórica;S;24/02/2025;07/07/2025;60;0;;;;;60;56;EESC e ICMC - Engenharia de Computação;60;56;0;0;;;;0;0;;;;0;0;0;0;Engenharia de Computação
SME0602;Cálculo Numérico;2025101;Teórica;S;24/02/2025;07/07/2025;60;0;;;;;60;56;;;;0;0;;;;0;0;;;;0;0;0;0;Engenharia de Computação
SME0602;Cálculo Numérico;2025101;Teórica;S;24/02/2025;07/07/2025;60;0;;;;;60;56;;;;0;0;;;;0;0;;;;0;0;0;0;Engenharia de Computação
SME0610;Programação Matemática;2025101;Teórica;S;24/02/2025;07/07/2025;60;0;;;;;60;47;EESC e ICMC - Engenharia de Computação;60;47;0;0;;;;0;0;;;;0;0;0;0;Engenharia de Computação
SME0610;Programação Matemática;2025101;Teórica;S;24/02/2025;07/07/2025;60;0;;;;;60;47;;;;0;0;;;;0;0;;;;0;0;0;0;Engenharia de Computação
SME0610;Programação Matemática;2025101;Teórica;S;24/02/2025;07/07/2025;60;0;;;;;60;47;;;;0;0;;;;0;0;;;;0;0;0;0;Engenharia de Computação
SME0620;Estatística I;2025101;Teórica;S;24/02/2025;07/07/2025;60;0;;;;;60;48;EESC e ICMC - Engenharia de Computação;60;48;0;0;;;;0;0;;;;0;0;0;0;Engenharia de Computação
SME0620;Estatística I;2025101;Teórica;S;24/02/2025;07/07/2025;60;0;;;;;60;48;;;;0;0;;;;0;0;;;;0;0;0;0;Engenharia de Computação
SME0620;Estatística I;2025101;Teórica;S;24/02/2025;07/07/2025;60;0;;;;;60;48;;;;0;0;;;;0;0;;;;0;0;0;0;Engenharia de Computação
SME0801;Probabilidade II;2025101;Teórica;S;24/02/2025;07/07/2025;60;0;;;;;70;48;ICMC -  Bacharelado em Estatística e Ciência de Dados;70;48;0;0;;;;0;0;;;;0;0;0;0;BECD
SME0801;Probabilidade II;2025101;Teórica;S;24/02/2025;07/07/2025;60;0;;;;;70;48;;;;0;0;;;;0;0;;;;0;0;0;0;BECD
SME0801;Probabilidade II;2025101;Teórica;S;24/02/2025;07/07/2025;60;0;;;;;70;48;;;;0;0;;;;0;0;;;;0;0;0;0;BECD
SME0803;Visualização e Exploração de Dados;2025101;Teórica;S;24/02/2025;07/07/2025;60;0;;;;;5;5;ICMC -  Bacharelado em Estatística e Ciência de Dados;5;5;0;0;;;;0;0;;;;0;0;0;0;BECD
SME0803;Visualização e Exploração de Dados;2025101;Teórica;S;24/02/2025;07/07/2025;60;0;;;;;5;5;;;;0;0;;;;0;0;;;;0;0;0;0;BECD
SME0803;Visualização e Exploração de Dados;2025101;Teórica;S;24/02/2025;07/07/2025;60;0;;;;;5;5;;;;0;0;;;;0;0;;;;0;0;0;0;BECD
SME0806;Estatística Computacional;2025101;Teórica;S;24/02/2025;07/07/2025;60;0;;;;;29;29;ICMC -  Bacharelado em Estatística e Ciência de Dados;29;29;31;31;ICMC -  para toda a Unidade;26;26;0;0;;;;0;0;0;0;BECD e CEE em Ciência de Dados
SME0806;Estatística Computacional;2025101;Teórica;S;24/02/2025;07/07/2025;60;0;;;;;29;29;;;;31;31;EESC e ICMC - Engenharia de Computação;5;5;0;0;;;;0;0;0;0;BECD e CEE em Ciência de Dados
SME0806;Estatística Computacional;2025101;Teórica;S;24/02/2025;07/07/2025;60;0;;;;;29;29;;;;31;31;;;;0;0;;;;0;0;0;0;BECD e CEE em Ciência de Dados
SME0806;Estatística Computacional;2025101;Teórica;S;24/02/2025;07/07/2025;60;0;;;;;29;29;;;;31;31;;;;0;0;;;;0;0;0;0;BECD e CEE em Ciência de Dados
SME0807;Técnicas de Amostragem;2025101;Teórica;S;24/02/2025;07/07/2025;60;0;;;;;70;39;ICMC -  Bacharelado em Estatística e Ciência de Dados;70;39;0;0;;;;0;0;;;;0;0;0;0;BECD
SME0807;Técnicas de Amostragem;2025101;Teórica;S;24/02/2025;07/07/2025;60;0;;;;;70;39;;;;0;0;;;;0;0;;;;0;0;0;0;BECD
SME0807;Técnicas de Amostragem;2025101;Teórica;S;24/02/2025;07/07/2025;60;0;;;;;70;39;;;;0;0;;;;0;0;;;;0;0;0;0;BECD
SME0812;Modelos Lineares;2025101;Teórica;S;24/02/2025;07/07/2025;60;0;;;;;0;0;;;;70;15;ICMC -  Bacharelado em Estatística e Ciência de Dados;70;15;0;0;;;;0;0;0;0;BECD
SME0812;Modelos Lineares;2025101;Teórica;S;24/02/2025;07/07/2025;60;0;;;;;0;0;;;;70;15;;;;0;0;;;;0;0;0;0;BECD
SME0812;Modelos Lineares;2025101;Teórica;S;24/02/2025;07/07/2025;60;0;;;;;0;0;;;;70;15;;;;0;0;;;;0;0;0;0;BECD
SME0814;Estágio Supervisionado em Estatística I;2025101;Teórica;S;24/02/2025;07/07/2025;60;0;;;;;0;0;;;;0;0;;;;0;0;;;;0;0;0;0;Estatística - Matrícula deve ser realizada no JupiterWeb no período de requerimento/retificação. 
O pré-requisito exigido será a aprovação em 100 créditos-aula de disciplinas obrigatórias.
SME0814;Estágio Supervisionado em Estatística I;2025101;Teórica;S;24/02/2025;07/07/2025;60;0;;;;;0;0;;;;0;0;;;;0;0;;;;0;0;0;0;Estatística - Matrícula deve ser realizada no JupiterWeb no período de requerimento/retificação. 
O pré-requisito exigido será a aprovação em 100 créditos-aula de disciplinas obrigatórias.
SME0815;Estágio Supervisionado em Estatística II;2025101;Teórica;S;24/02/2025;07/07/2025;60;0;;;;;0;0;;;;0;0;;;;0;0;;;;0;0;0;0;BECD - Matrícula deve ser realizada no JupiterWeb no período de requerimento/retificação. 
O pré-requisito exigido será a aprovação em 100 créditos-aula
SME0815;Estágio Supervisionado em Estatística II;2025101;Teórica;S;24/02/2025;07/07/2025;60;0;;;;;0;0;;;;0;0;;;;0;0;;;;0;0;0;0;BECD - Matrícula deve ser realizada no JupiterWeb no período de requerimento/retificação. 
O pré-requisito exigido será a aprovação em 100 créditos-aula
SME0816;Planejamento de Experimentos I;2025101;Teórica;S;24/02/2025;07/07/2025;60;0;;;;;70;23;ICMC -  Bacharelado em Estatística e Ciência de Dados;70;23;0;0;;;;0;0;;;;0;0;0;0;BECD
SME0816;Planejamento de Experimentos I;2025101;Teórica;S;24/02/2025;07/07/2025;60;0;;;;;70;23;;;;0;0;;;;0;0;;;;0;0;0;0;BECD
SME0816;Planejamento de Experimentos I;2025101;Teórica;S;24/02/2025;07/07/2025;60;0;;;;;70;23;;;;0;0;;;;0;0;;;;0;0;0;0;BECD
SME0818;Inferência Estatística;2025101;Teórica;S;24/02/2025;07/07/2025;90;0;;;;;70;40;ICMC -  Bacharelado em Estatística e Ciência de Dados;70;40;0;0;;;;0;0;;;;0;0;0;0;BECD
SME0818;Inferência Estatística;2025101;Teórica;S;24/02/2025;07/07/2025;90;0;;;;;70;40;;;;0;0;;;;0;0;;;;0;0;0;0;BECD
SME0818;Inferência Estatística;2025101;Teórica;S;24/02/2025;07/07/2025;90;0;;;;;70;40;;;;0;0;;;;0;0;;;;0;0;0;0;BECD
SME0821;Análise de Sobrevivência e Confiabilidade;2025101;Teórica;S;24/02/2025;07/07/2025;60;0;;;;;70;30;ICMC -  Bacharelado em Estatística e Ciência de Dados;70;30;0;0;;;;0;0;;;;0;0;0;0;BECD
SME0821;Análise de Sobrevivência e Confiabilidade;2025101;Teórica;S;24/02/2025;07/07/2025;60;0;;;;;70;30;;;;0;0;;;;0;0;;;;0;0;0;0;BECD
SME0821;Análise de Sobrevivência e Confiabilidade;2025101;Teórica;S;24/02/2025;07/07/2025;60;0;;;;;70;30;;;;0;0;;;;0;0;;;;0;0;0;0;BECD
SME0825;Metodologia Científica I;2025101;Teórica;S;24/02/2025;07/07/2025;30;0;;;;;5;2;ICMC -  Bacharelado em Estatística e Ciência de Dados;5;2;0;0;;;;0;0;;;;0;0;0;0;BECD
SME0825;Metodologia Científica I;2025101;Teórica;S;24/02/2025;07/07/2025;30;0;;;;;5;2;;;;0;0;;;;0;0;;;;0;0;0;0;BECD
SME0825;Metodologia Científica I;2025101;Teórica;S;24/02/2025;07/07/2025;30;0;;;;;5;2;;;;0;0;;;;0;0;;;;0;0;0;0;BECD
SME0827;Estruturas de Dados;2025101;Teórica;S;24/02/2025;07/07/2025;45;0;;;;;70;41;ICMC -  Bacharelado em Estatística e Ciência de Dados;70;41;0;0;;;;0;0;;;;0;0;0;0;BECD
SME0827;Estruturas de Dados;2025101;Teórica;S;24/02/2025;07/07/2025;45;0;;;;;70;41;;;;0;0;;;;0;0;;;;0;0;0;0;BECD
SME0827;Estruturas de Dados;2025101;Teórica;S;24/02/2025;07/07/2025;45;0;;;;;70;41;;;;0;0;;;;0;0;;;;0;0;0;0;BECD
SME0829;Aprendizado de Máquina;2025101;Teórica;S;24/02/2025;07/07/2025;60;0;;;;;70;25;ICMC -  Bacharelado em Estatística e Ciência de Dados;70;25;0;0;;;;0;0;;;;0;0;0;0;BECD
SME0829;Aprendizado de Máquina;2025101;Teórica;S;24/02/2025;07/07/2025;60;0;;;;;70;25;;;;0;0;;;;0;0;;;;0;0;0;0;BECD
SME0829;Aprendizado de Máquina;2025101;Teórica;S;24/02/2025;07/07/2025;60;0;;;;;70;25;;;;0;0;;;;0;0;;;;0;0;0;0;BECD
SME0830;Probabilidade I (modalidade semipresencial);2025101;Teórica;S;24/02/2025;07/07/2025;60;0;;;;;1;0;;;;0;0;;;;30;0;ICMC -  Bacharelado em Estatística e Ciência de Dados;30;0;0;0;30;0;Alunos do BECD que já cursaram SME0800 - Probabilidade I e não conseguiram aprovação por nota, desde que tenham frequência igual ou maior que 70%. As aulas serão remotas. NÃO SERÁ CONTADA COMO OPTATIVA LIVRE PARA QUEM JÁ TEM APROVAÇÃO EM SME0800.
SME0830;Probabilidade I (modalidade semipresencial);2025101;Teórica;S;24/02/2025;07/07/2025;60;0;;;;;1;0;;;;0;0;;;;30;0;;;;0;0;30;0;Alunos do BECD que já cursaram SME0800 - Probabilidade I e não conseguiram aprovação por nota, desde que tenham frequência igual ou maior que 70%. As aulas serão remotas. NÃO SERÁ CONTADA COMO OPTATIVA LIVRE PARA QUEM JÁ TEM APROVAÇÃO EM SME0800.
SME0830;Probabilidade I (modalidade semipresencial);2025101;Teórica;S;24/02/2025;07/07/2025;60;0;;;;;1;0;;;;0;0;;;;30;0;;;;0;0;30;0;Alunos do BECD que já cursaram SME0800 - Probabilidade I e não conseguiram aprovação por nota, desde que tenham frequência igual ou maior que 70%. As aulas serão remotas. NÃO SERÁ CONTADA COMO OPTATIVA LIVRE PARA QUEM JÁ TEM APROVAÇÃO EM SME0800.
SME0830;Probabilidade I (modalidade semipresencial);2025101;Teórica;S;24/02/2025;07/07/2025;60;0;;;;;1;0;;;;0;0;;;;30;0;;;;0;0;30;0;Alunos do BECD que já cursaram SME0800 - Probabilidade I e não conseguiram aprovação por nota, desde que tenham frequência igual ou maior que 70%. As aulas serão remotas. NÃO SERÁ CONTADA COMO OPTATIVA LIVRE PARA QUEM JÁ TEM APROVAÇÃO EM SME0800.
SME0852;Prática em Ciência de Dados I;2025101;Prática;S;24/02/2025;07/07/2025;0;60;;;;;34;18;ICMC - Bacharelado em Ciência de Dados;31;18;29;29;ICMC -  Bacharelado em Estatística e Ciência de Dados;29;29;0;0;;;;0;0;0;0;BCDados 
BECD
SME0852;Prática em Ciência de Dados I;2025101;Prática;S;24/02/2025;07/07/2025;0;60;;;;;34;18;;;;29;29;;;;0;0;;;;0;0;0;0;BCDados 
BECD
SME0852;Prática em Ciência de Dados I;2025101;Prática;S;24/02/2025;07/07/2025;0;60;;;;;34;18;;;;29;29;;;;0;0;;;;0;0;0;0;BCDados 
BECD
SME0860;Aprendizado de Máquina Aplicado a Problemas;2025101;Teórica;S;24/02/2025;07/07/2025;30;0;;;;;0;0;;;;70;18;ICMC - Bacharelado em Ciência de Dados;70;18;0;0;;;;0;0;0;0;BCDados
SME0860;Aprendizado de Máquina Aplicado a Problemas;2025101;Teórica;S;24/02/2025;07/07/2025;30;0;;;;;0;0;;;;70;18;;;;0;0;;;;0;0;0;0;BCDados
SME0860;Aprendizado de Máquina Aplicado a Problemas;2025101;Teórica;S;24/02/2025;07/07/2025;30;0;;;;;0;0;;;;70;18;;;;0;0;;;;0;0;0;0;BCDados
SME0878;Mineração Estatística de Dados;2025101;Teórica;S;24/02/2025;07/07/2025;60;0;;;;;40;36;ICMC -  Bacharelado em Estatística e Ciência de Dados;28;28;20;0;ICMC - Bacharelado em Sistemas de Informação;20;0;0;0;;;;0;0;0;0;BECD/BCDados/BSI
SME0878;Mineração Estatística de Dados;2025101;Teórica;S;24/02/2025;07/07/2025;60;0;;;;;40;36;ICMC - Bacharelado em Ciência de Dados;12;8;20;0;;;;0;0;;;;0;0;0;0;BECD/BCDados/BSI
SME0878;Mineração Estatística de Dados;2025101;Teórica;S;24/02/2025;07/07/2025;60;0;;;;;40;36;;;;20;0;;;;0;0;;;;0;0;0;0;BECD/BCDados/BSI
SME0878;Mineração Estatística de Dados;2025101;Teórica;S;24/02/2025;07/07/2025;60;0;;;;;40;36;;;;20;0;;;;0;0;;;;0;0;0;0;BECD/BCDados/BSI
SME0880;Projeto de Graduação em Estatística I;2025101;Teórica;S;24/02/2025;07/07/2025;60;0;;;;;0;0;;;;0;0;;;;0;0;;;;0;0;0;0;BECD - Matrícula deve ser realizada no JupiterWeb no período de requerimento/retificação. O pré-requisito exigido será a aprovação em 100 créditos-aula de disciplinas obrigatórias.
SME0880;Projeto de Graduação em Estatística I;2025101;Teórica;S;24/02/2025;07/07/2025;60;0;;;;;0;0;;;;0;0;;;;0;0;;;;0;0;0;0;BECD - Matrícula deve ser realizada no JupiterWeb no período de requerimento/retificação. O pré-requisito exigido será a aprovação em 100 créditos-aula de disciplinas obrigatórias.
SME0881;Projeto de Graduação em Estatística II;2025101;Teórica;S;24/02/2025;07/07/2025;60;0;;;;;0;0;;;;0;0;;;;0;0;;;;0;0;0;0;BECD - Matrícula deve ser realizada no JupiterWeb no período de requerimento/retificação. O pré-requisito exigido será a aprovação em 100 créditos-aula de disciplinas obrigatórias.
SME0881;Projeto de Graduação em Estatística II;2025101;Teórica;S;24/02/2025;07/07/2025;60;0;;;;;0;0;;;;0;0;;;;0;0;;;;0;0;0;0;BECD - Matrícula deve ser realizada no JupiterWeb no período de requerimento/retificação. O pré-requisito exigido será a aprovação em 100 créditos-aula de disciplinas obrigatórias.
SME0890;Direcionamento Acadêmico I;2025101;Teórica;N;24/02/2025;07/07/2025;15;0;;;;;5;1;ICMC -  Bacharelado em Estatística e Ciência de Dados;5;1;0;0;;;;0;0;;;;0;0;0;0;BECD
SME0890;Direcionamento Acadêmico I;2025101;Teórica;N;24/02/2025;07/07/2025;15;0;;;;;5;1;;;;0;0;;;;0;0;;;;0;0;0;0;BECD
SME0890;Direcionamento Acadêmico I;2025101;Teórica;N;24/02/2025;07/07/2025;15;0;;;;;5;1;;;;0;0;;;;0;0;;;;0;0;0;0;BECD
SME0892;Cálculo Numérico para Estatística;2025101;Teórica;S;24/02/2025;07/07/2025;60;0;;;;;70;35;ICMC -  Bacharelado em Estatística e Ciência de Dados;70;35;0;0;;;;0;0;;;;0;0;0;0;BECD
SME0892;Cálculo Numérico para Estatística;2025101;Teórica;S;24/02/2025;07/07/2025;60;0;;;;;70;35;;;;0;0;;;;0;0;;;;0;0;0;0;BECD
SME0892;Cálculo Numérico para Estatística;2025101;Teórica;S;24/02/2025;07/07/2025;60;0;;;;;70;35;;;;0;0;;;;0;0;;;;0;0;0;0;BECD
